"","Rep","Day","Temperature","Fungus","Plant","Height","Hairs","Fungus.One.","Fungus.Two."
"1","A",0,22,"HSP",1,NA,NA,0.1,0.1
"2","A",0,22,"HSP",2,0.2,"0",0.1,0.1
"3","A",0,22,"HSP",3,0.3,"0",0.1,0.1
"4","A",0,22,"HSP",4,0.2,"0",0.1,0.1
"5","A",0,22,"HSP",5,0.5,"0",0.1,0.1
"6","A",0,22,"Control",1,0.3,"0",NA,NA
"7","A",0,22,"Control",2,0.3,"0",NA,NA
"8","A",0,22,"Control",3,0.4,"0",NA,NA
"9","A",0,22,"Control",4,0.3,"0",NA,NA
"10","A",0,22,"Control",5,0.3,"0",NA,NA
"11","A",0,22,"GFP",1,0.4,"0",0.1,0.1
"12","A",0,22,"GFP",2,0.3,"0",0.1,0.1
"13","A",0,22,"GFP",3,0.3,"0",0.1,0.1
"14","A",0,22,"GFP",4,0.4,"0",0.1,0.1
"15","A",0,22,"GFP",5,0.5,"0",0.1,0.1
"16","A",0,22,"HSP",1,0.3,"0",0.1,0.1
"17","A",0,22,"HSP",2,0.3,"0",0.1,0.1
"18","A",0,22,"HSP",3,0.6,"0",0.1,0.1
"19","A",0,22,"HSP",4,0.2,"0",0.1,0.1
"20","A",0,22,"HSP",5,0.5,"0",0.1,0.1
"21","A",0,22,"Control",1,0.3,"0",NA,NA
"22","A",0,22,"Control",2,0.1,"0",NA,NA
"23","A",0,22,"Control",3,0.3,"0",NA,NA
"24","A",0,22,"Control",4,0.5,"0",NA,NA
"25","A",0,22,"Control",5,0.3,"0",NA,NA
"26","A",0,22,"GFP",1,0.3,"0",0.1,0.1
"27","A",0,22,"GFP",2,NA,NA,0.1,0.1
"28","A",0,22,"GFP",3,0.6,"0",0.1,0.1
"29","A",0,22,"GFP",4,0.6,"0",0.1,0.1
"30","A",0,22,"GFP",5,0.2,"0",0.1,0.1
"31","A",0,22,"HSP",1,0.3,"0",0.1,0.1
"32","A",0,22,"HSP",2,0.3,"0",0.1,0.1
"33","A",0,22,"HSP",3,0.3,"0",0.1,0.1
"34","A",0,22,"HSP",4,0.6,"0",0.1,0.1
"35","A",0,22,"HSP",5,NA,NA,0.1,0.1
"36","A",0,22,"Control",1,0.2,"0",NA,NA
"37","A",0,22,"Control",2,0.3,"0",NA,NA
"38","A",0,22,"Control",3,0.4,"0",NA,NA
"39","A",0,22,"Control",4,0.1,"0",NA,NA
"40","A",0,22,"Control",5,NA,NA,NA,NA
"41","A",0,22,"GFP",1,0.2,"0",0.1,0.1
"42","A",0,22,"GFP",2,0.5,"0",0.1,0.1
"43","A",0,22,"GFP",3,0.4,"0",0.1,0.1
"44","A",0,22,"GFP",4,0.3,"0",0.1,0.1
"45","A",0,22,"GFP",5,0.1,"0",0.1,0.1
"46","A",0,27,"HSP",1,0.3,"0",0.2,0.2
"47","A",0,27,"HSP",2,0.6,"0",0.2,0.2
"48","A",0,27,"HSP",3,0.3,"0",0.2,0.2
"49","A",0,27,"HSP",4,0.6,"0",0.2,0.2
"50","A",0,27,"HSP",5,0.2,"0",0.2,0.2
"51","A",0,27,"Control",1,0.5,"0",NA,NA
"52","A",0,27,"Control",2,0.4,"0",NA,NA
"53","A",0,27,"Control",3,0.4,"0",NA,NA
"54","A",0,27,"Control",4,0.6,"0",NA,NA
"55","A",0,27,"Control",5,0.5,"0",NA,NA
"56","A",0,27,"GFP",1,0.2,"0",0.3,0.2
"57","A",0,27,"GFP",2,NA,NA,0.3,0.2
"58","A",0,27,"GFP",3,0.5,"0",0.3,0.2
"59","A",0,27,"GFP",4,0.4,"0",0.3,0.2
"60","A",0,27,"GFP",5,0.5,"0",0.3,0.2
"61","A",0,27,"HSP",1,0.4,"0",0.2,0.2
"62","A",0,27,"HSP",2,0.6,"0",0.2,0.2
"63","A",0,27,"HSP",3,0.1,"0",0.2,0.2
"64","A",0,27,"HSP",4,0.5,"0",0.2,0.2
"65","A",0,27,"HSP",5,0.8,"0",0.2,0.2
"66","A",0,27,"Control",1,0.4,"0",NA,NA
"67","A",0,27,"Control",2,0.5,"0",NA,NA
"68","A",0,27,"Control",3,0.4,"0",NA,NA
"69","A",0,27,"Control",4,0.3,"0",NA,NA
"70","A",0,27,"Control",5,0.4,"0",NA,NA
"71","A",0,27,"GFP",1,0.3,"0",0.2,0.2
"72","A",0,27,"GFP",2,0.8,"0",0.2,0.2
"73","A",0,27,"GFP",3,0.6,"0",0.2,0.2
"74","A",0,27,"GFP",4,0.4,"0",0.2,0.2
"75","A",0,27,"GFP",5,0.3,"0",0.2,0.2
"76","A",0,27,"HSP",1,0.3,"0",0.2,0.2
"77","A",0,27,"HSP",2,0.5,"0",0.2,0.2
"78","A",0,27,"HSP",3,0.5,"0",0.2,0.2
"79","A",0,27,"HSP",4,0.4,"0",0.2,0.2
"80","A",0,27,"HSP",5,0.4,"0",0.2,0.2
"81","A",0,27,"Control",1,0.5,"0",NA,NA
"82","A",0,27,"Control",2,0.5,"0",NA,NA
"83","A",0,27,"Control",3,0.4,"0",NA,NA
"84","A",0,27,"Control",4,0.3,"0",NA,NA
"85","A",0,27,"Control",5,0.4,"0",NA,NA
"86","A",0,27,"GFP",1,0.7,"0",0.2,0.2
"87","A",0,27,"GFP",2,0.6,"0",0.2,0.2
"88","A",0,27,"GFP",3,0.7,"0",0.2,0.2
"89","A",0,27,"GFP",4,0.7,"0",0.2,0.2
"90","A",0,27,"GFP",5,0.5,"0",0.2,0.2
"91","A",0,30,"Control",1,NA,NA,NA,NA
"92","A",0,30,"Control",2,0.3,"0",NA,NA
"93","A",0,30,"Control",3,0.2,"0",NA,NA
"94","A",0,30,"Control",4,0.2,"0",NA,NA
"95","A",0,30,"Control",5,0.3,"0",NA,NA
"96","A",0,30,"GFP",1,NA,NA,0.3,0.3
"97","A",0,30,"GFP",2,0.3,"0",0.3,0.3
"98","A",0,30,"GFP",3,0.4,"0",0.3,0.3
"99","A",0,30,"GFP",4,0.1,"0",0.3,0.3
"100","A",0,30,"GFP",5,0.4,"0",0.3,0.3
"101","A",0,30,"Control",1,0.4,"0",NA,NA
"102","A",0,30,"Control",2,0.3,"0",NA,NA
"103","A",0,30,"Control",3,0.3,"0",NA,NA
"104","A",0,30,"Control",4,NA,NA,NA,NA
"105","A",0,30,"Control",5,0.3,"0",NA,NA
"106","A",0,30,"GFP",1,0.6,"0",0.3,0.2
"107","A",0,30,"GFP",2,0.4,"0",0.3,0.2
"108","A",0,30,"GFP",3,0.4,"0",0.3,0.2
"109","A",0,30,"GFP",4,0.3,"0",0.3,0.2
"110","A",0,30,"GFP",5,0.3,"0",0.3,0.2
"111","A",0,30,"HSP",1,0.2,"0",0.3,0.2
"112","A",0,30,"HSP",2,0.5,"0",0.3,0.2
"113","A",0,30,"HSP",3,0.5,"0",0.3,0.2
"114","A",0,30,"HSP",4,0.6,"0",0.3,0.2
"115","A",0,30,"HSP",5,0.8,"0",0.3,0.2
"116","A",0,30,"GFP",1,0.6,"0",0.2,0.3
"117","A",0,30,"GFP",2,NA,NA,0.2,0.3
"118","A",0,30,"GFP",3,0.3,"0",0.2,0.3
"119","A",0,30,"GFP",4,0.7,"0",0.2,0.3
"120","A",0,30,"GFP",5,0.3,"0",0.2,0.3
"121","A",0,30,"Control",1,0.3,"0",NA,NA
"122","A",0,30,"Control",2,0.3,"0",NA,NA
"123","A",0,30,"Control",3,NA,NA,NA,NA
"124","A",0,30,"Control",4,0.3,"0",NA,NA
"125","A",0,30,"Control",5,0.3,"0",NA,NA
"126","A",2,22,"HSP",1,NA,NA,0.2,0.2
"127","A",2,22,"HSP",2,1,"",0.2,0.2
"128","A",2,22,"HSP",3,0.7,"",0.2,0.2
"129","A",2,22,"HSP",4,0.9,"",0.2,0.2
"130","A",2,22,"HSP",5,1.1,"",0.2,0.2
"131","A",2,22,"Control",1,0.9,"",NA,NA
"132","A",2,22,"Control",2,0.6,"",NA,NA
"133","A",2,22,"Control",3,1.1,"",NA,NA
"134","A",2,22,"Control",4,1,"",NA,NA
"135","A",2,22,"Control",5,1,"",NA,NA
"136","A",2,22,"GFP",1,1,"",0.3,0.2
"137","A",2,22,"GFP",2,0.8,"",0.3,0.2
"138","A",2,22,"GFP",3,0.9,"",0.3,0.2
"139","A",2,22,"GFP",4,1.2,"",0.3,0.2
"140","A",2,22,"GFP",5,1.2,"",0.3,0.2
"141","A",2,22,"HSP",1,1.1,"",0.3,0.3
"142","A",2,22,"HSP",2,0.9,"",0.3,0.3
"143","A",2,22,"HSP",3,1.3,"",0.3,0.3
"144","A",2,22,"HSP",4,0.8,"",0.3,0.3
"145","A",2,22,"HSP",5,1.5,"",0.3,0.3
"146","A",2,22,"Control",1,0.9,"",NA,NA
"147","A",2,22,"Control",2,0.8,"",NA,NA
"148","A",2,22,"Control",3,0.9,"",NA,NA
"149","A",2,22,"Control",4,1.2,"",NA,NA
"150","A",2,22,"Control",5,0.8,"",NA,NA
"151","A",2,22,"GFP",1,0.8,"",0.3,0.3
"152","A",2,22,"GFP",2,NA,NA,0.3,0.3
"153","A",2,22,"GFP",3,1.2,"",0.3,0.3
"154","A",2,22,"GFP",4,1,"",0.3,0.3
"155","A",2,22,"GFP",5,0.5,"",0.3,0.3
"156","A",2,22,"HSP",1,0.9,"",0.3,0.3
"157","A",2,22,"HSP",2,0.9,"",0.3,0.3
"158","A",2,22,"HSP",3,0.9,"",0.3,0.3
"159","A",2,22,"HSP",4,1,"",0.3,0.3
"160","A",2,22,"HSP",5,NA,NA,0.3,0.3
"161","A",2,22,"Control",1,0.6,"",NA,NA
"162","A",2,22,"Control",2,1.2,"",NA,NA
"163","A",2,22,"Control",3,0.8,"",NA,NA
"164","A",2,22,"Control",4,1,"",NA,NA
"165","A",2,22,"Control",5,NA,NA,NA,NA
"166","A",2,22,"GFP",1,0.7,"",0.2,0.3
"167","A",2,22,"GFP",2,1,"",0.2,0.3
"168","A",2,22,"GFP",3,0.8,"",0.2,0.3
"169","A",2,22,"GFP",4,0.7,"",0.2,0.3
"170","A",2,22,"GFP",5,0.7,"",0.2,0.3
"171","A",2,27,"HSP",1,0.6,"",0.2,0.3
"172","A",2,27,"HSP",2,1,"",0.2,0.3
"173","A",2,27,"HSP",3,0.6,"",0.2,0.3
"174","A",2,27,"HSP",4,1.4,"",0.2,0.3
"175","A",2,27,"HSP",5,0.7,"",0.2,0.3
"176","A",2,27,"Control",1,0.4,"",NA,NA
"177","A",2,27,"Control",2,0.6,"",NA,NA
"178","A",2,27,"Control",3,0.6,"",NA,NA
"179","A",2,27,"Control",4,0.7,"",NA,NA
"180","A",2,27,"Control",5,1,"",NA,NA
"181","A",2,27,"GFP",1,0.2,"",0.5,0.5
"182","A",2,27,"GFP",2,NA,NA,0.5,0.5
"183","A",2,27,"GFP",3,0.6,"",0.5,0.5
"184","A",2,27,"GFP",4,0.5,"",0.5,0.5
"185","A",2,27,"GFP",5,0.8,"",0.5,0.5
"186","A",2,27,"HSP",1,0.6,"",0.5,0.4
"187","A",2,27,"HSP",2,0.8,"",0.5,0.4
"188","A",2,27,"HSP",3,NA,"",0.5,0.4
"189","A",2,27,"HSP",4,0.7,"",0.5,0.4
"190","A",2,27,"HSP",5,1.5,"",0.5,0.4
"191","A",2,27,"Control",1,0.5,"",NA,NA
"192","A",2,27,"Control",2,0.5,"",NA,NA
"193","A",2,27,"Control",3,0.5,"",NA,NA
"194","A",2,27,"Control",4,0.6,"",NA,NA
"195","A",2,27,"Control",5,0.5,"",NA,NA
"196","A",2,27,"GFP",1,0.5,"",0.4,0.4
"197","A",2,27,"GFP",2,0.9,"",0.4,0.4
"198","A",2,27,"GFP",3,0.6,"",0.4,0.4
"199","A",2,27,"GFP",4,0.7,"",0.4,0.4
"200","A",2,27,"GFP",5,0.5,"",0.4,0.4
"201","A",2,27,"HSP",1,0.6,"",0.4,0.5
"202","A",2,27,"HSP",2,0.7,"",0.4,0.5
"203","A",2,27,"HSP",3,0.8,"",0.4,0.5
"204","A",2,27,"HSP",4,0.8,"",0.4,0.5
"205","A",2,27,"HSP",5,0.6,"",0.4,0.5
"206","A",2,27,"Control",1,0.5,"",NA,NA
"207","A",2,27,"Control",2,0.5,"",NA,NA
"208","A",2,27,"Control",3,0.5,"",NA,NA
"209","A",2,27,"Control",4,0.6,"",NA,NA
"210","A",2,27,"Control",5,0.7,"",NA,NA
"211","A",2,27,"GFP",1,1.1,"",0.4,0.3
"212","A",2,27,"GFP",2,0.7,"",0.4,0.3
"213","A",2,27,"GFP",3,0.6,"",0.4,0.3
"214","A",2,27,"GFP",4,1,"",0.4,0.3
"215","A",2,27,"GFP",5,0.9,"",0.4,0.3
"216","A",2,30,"Control",1,NA,NA,NA,NA
"217","A",2,30,"Control",2,0.5,"",NA,NA
"218","A",2,30,"Control",3,0.3,"",NA,NA
"219","A",2,30,"Control",4,0.4,"",NA,NA
"220","A",2,30,"Control",5,0.3,"",NA,NA
"221","A",2,30,"GFP",1,NA,NA,0.5,0.5
"222","A",2,30,"GFP",2,0.5,"",0.5,0.5
"223","A",2,30,"GFP",3,0.5,"",0.5,0.5
"224","A",2,30,"GFP",4,0.3,"",0.5,0.5
"225","A",2,30,"GFP",5,0.4,"",0.5,0.5
"226","A",2,30,"Control",1,0.5,"",NA,NA
"227","A",2,30,"Control",2,0.2,"",NA,NA
"228","A",2,30,"Control",3,0.4,"",NA,NA
"229","A",2,30,"Control",4,NA,NA,NA,NA
"230","A",2,30,"Control",5,0.4,"",NA,NA
"231","A",2,30,"GFP",1,0.7,"",0.5,0.5
"232","A",2,30,"GFP",2,0.3,"",0.5,0.5
"233","A",2,30,"GFP",3,0.5,"",0.5,0.5
"234","A",2,30,"GFP",4,0.4,"",0.5,0.5
"235","A",2,30,"GFP",5,0.3,"",0.5,0.5
"236","A",2,30,"HSP",1,0.2,"",0.5,0.5
"237","A",2,30,"HSP",2,0.6,"",0.5,0.5
"238","A",2,30,"HSP",3,0.6,"",0.5,0.5
"239","A",2,30,"HSP",4,0.6,"",0.5,0.5
"240","A",2,30,"HSP",5,0.5,"",0.5,0.5
"241","A",2,30,"GFP",1,0.5,"",0.4,0.4
"242","A",2,30,"GFP",2,0.4,NA,0.4,0.4
"243","A",2,30,"GFP",3,0.6,"",0.4,0.4
"244","A",2,30,"GFP",4,0.7,"",0.4,0.4
"245","A",2,30,"GFP",5,0.5,"",0.4,0.4
"246","A",2,30,"Control",1,0.3,"",NA,NA
"247","A",2,30,"Control",2,0.5,"",NA,NA
"248","A",2,30,"Control",3,NA,NA,NA,NA
"249","A",2,30,"Control",4,0.3,"",NA,NA
"250","A",2,30,"Control",5,0.4,"",NA,NA
"251","A",4,22,"HSP",1,NA,NA,0.4,0.5
"252","A",4,22,"HSP",2,1.2,"1",0.4,0.5
"253","A",4,22,"HSP",3,1.3,"0",0.4,0.5
"254","A",4,22,"HSP",4,1.6,"1",0.4,0.5
"255","A",4,22,"HSP",5,1,"1",0.4,0.5
"256","A",4,22,"Control",1,1.5,"1",NA,NA
"257","A",4,22,"Control",2,1.2,"0",NA,NA
"258","A",4,22,"Control",3,2,"1",NA,NA
"259","A",4,22,"Control",4,1.4,"2",NA,NA
"260","A",4,22,"Control",5,2.2,"0",NA,NA
"261","A",4,22,"GFP",1,1.5,"2",0.6,0.6
"262","A",4,22,"GFP",2,1.3,"1",0.6,0.6
"263","A",4,22,"GFP",3,1.3,"1",0.6,0.6
"264","A",4,22,"GFP",4,1.9,"1",0.6,0.6
"265","A",4,22,"GFP",5,1.8,"2",0.6,0.6
"266","A",4,22,"HSP",1,1.1,"1",0.4,0.5
"267","A",4,22,"HSP",2,1.2,"2",0.4,0.5
"268","A",4,22,"HSP",3,1.7,"3",0.4,0.5
"269","A",4,22,"HSP",4,1.1,"1",0.4,0.5
"270","A",4,22,"HSP",5,2.1,"1",0.4,0.5
"271","A",4,22,"Control",1,1.3,"2",NA,NA
"272","A",4,22,"Control",2,1.5,"2",NA,NA
"273","A",4,22,"Control",3,1,"2",NA,NA
"274","A",4,22,"Control",4,1.2,"2",NA,NA
"275","A",4,22,"Control",5,1.3,"1",NA,NA
"276","A",4,22,"GFP",1,1.3,"0",0.5,0.4
"277","A",4,22,"GFP",2,NA,NA,0.5,0.4
"278","A",4,22,"GFP",3,1.6,"0",0.5,0.4
"279","A",4,22,"GFP",4,1.5,"3",0.5,0.4
"280","A",4,22,"GFP",5,0.5,"0",0.5,0.4
"281","A",4,22,"HSP",1,1.3,"1",0.4,0.5
"282","A",4,22,"HSP",2,1,"1",0.4,0.5
"283","A",4,22,"HSP",3,1.2,"1",0.4,0.5
"284","A",4,22,"HSP",4,1.5,"1",0.4,0.5
"285","A",4,22,"HSP",5,NA,NA,0.4,0.5
"286","A",4,22,"Control",1,1.1,"",NA,NA
"287","A",4,22,"Control",2,2,"",NA,NA
"288","A",4,22,"Control",3,1.2,"",NA,NA
"289","A",4,22,"Control",4,1.5,"",NA,NA
"290","A",4,22,"Control",5,NA,NA,NA,NA
"291","A",4,22,"GFP",1,1.2,"4",0.5,0.6
"292","A",4,22,"GFP",2,1.3,"4",0.5,0.6
"293","A",4,22,"GFP",3,1.1,"3",0.5,0.6
"294","A",4,22,"GFP",4,0.5,"4",0.5,0.6
"295","A",4,22,"GFP",5,1,"0",0.5,0.6
"296","A",4,27,"HSP",1,0.7,"2",0.7,0.4
"297","A",4,27,"HSP",2,1.4,"1",0.7,0.4
"298","A",4,27,"HSP",3,1,"3",0.7,0.4
"299","A",4,27,"HSP",4,2,"4",0.7,0.4
"300","A",4,27,"HSP",5,1.1,"1",0.7,0.4
"301","A",4,27,"Control",1,0.4,"1",NA,NA
"302","A",4,27,"Control",2,1,"1",NA,NA
"303","A",4,27,"Control",3,1.2,"2",NA,NA
"304","A",4,27,"Control",4,0.8,"2",NA,NA
"305","A",4,27,"Control",5,1.1,"1",NA,NA
"306","A",4,27,"GFP",1,0.4,"3",0.8,0.8
"307","A",4,27,"GFP",2,NA,NA,0.8,0.8
"308","A",4,27,"GFP",3,0.6,"3",0.8,0.8
"309","A",4,27,"GFP",4,0.6,"2",0.8,0.8
"310","A",4,27,"GFP",5,0.4,"1",0.8,0.8
"311","A",4,27,"HSP",1,0.7,"2",0.7,0.6
"312","A",4,27,"HSP",2,1,"1",0.7,0.6
"313","A",4,27,"HSP",3,0.6,"1",0.7,0.6
"314","A",4,27,"HSP",4,0.9,"0",0.7,0.6
"315","A",4,27,"HSP",5,2,"1",0.7,0.6
"316","A",4,27,"Control",1,0.5,"2",NA,NA
"317","A",4,27,"Control",2,0.5,"3",NA,NA
"318","A",4,27,"Control",3,0.6,"3",NA,NA
"319","A",4,27,"Control",4,0.7,"3",NA,NA
"320","A",4,27,"Control",5,0.3,"0",NA,NA
"321","A",4,27,"GFP",1,0.5,"0",0.7,0.6
"322","A",4,27,"GFP",2,0.9,"1",0.7,0.6
"323","A",4,27,"GFP",3,0.7,"2",0.7,0.6
"324","A",4,27,"GFP",4,0.8,"1",0.7,0.6
"325","A",4,27,"GFP",5,0.7,"0",0.7,0.6
"326","A",4,27,"HSP",1,0.8,"2",0.6,0.7
"327","A",4,27,"HSP",2,0.6,"2",0.6,0.7
"328","A",4,27,"HSP",3,0.9,"2",0.6,0.7
"329","A",4,27,"HSP",4,1,"1",0.6,0.7
"330","A",4,27,"HSP",5,1,"4",0.6,0.7
"331","A",4,27,"Control",1,0.6,"1",NA,NA
"332","A",4,27,"Control",2,0.6,"1",NA,NA
"333","A",4,27,"Control",3,0.6,"2",NA,NA
"334","A",4,27,"Control",4,0.9,"3",NA,NA
"335","A",4,27,"Control",5,0.8,"2",NA,NA
"336","A",4,27,"GFP",1,1.3,"1",0.5,0.6
"337","A",4,27,"GFP",2,0.7,"0",0.5,0.6
"338","A",4,27,"GFP",3,0.8,"2",0.5,0.6
"339","A",4,27,"GFP",4,1.1,"3",0.5,0.6
"340","A",4,27,"GFP",5,0.9,"3",0.5,0.6
"341","A",4,30,"Control",1,NA,NA,NA,NA
"342","A",4,30,"Control",2,0.5,"2",NA,NA
"343","A",4,30,"Control",3,0.5,"3",NA,NA
"344","A",4,30,"Control",4,0.4,"0",NA,NA
"345","A",4,30,"Control",5,0.3,"0",NA,NA
"346","A",4,30,"GFP",1,NA,NA,0.9,1
"347","A",4,30,"GFP",2,0.4,"1",0.9,1
"348","A",4,30,"GFP",3,0.5,"0",0.9,1
"349","A",4,30,"GFP",4,0.3,"1",0.9,1
"350","A",4,30,"GFP",5,0.4,"0",0.9,1
"351","A",4,30,"Control",1,0.5,"0",NA,NA
"352","A",4,30,"Control",2,0.3,"0",NA,NA
"353","A",4,30,"Control",3,0.5,"1",NA,NA
"354","A",4,30,"Control",4,NA,NA,NA,NA
"355","A",4,30,"Control",5,0.7,"1",NA,NA
"356","A",4,30,"GFP",1,0.7,"0",1.2,1
"357","A",4,30,"GFP",2,0.4,"0",1.2,1
"358","A",4,30,"GFP",3,0.5,"0",1.2,1
"359","A",4,30,"GFP",4,0.6,"0",1.2,1
"360","A",4,30,"GFP",5,0.3,"0",1.2,1
"361","A",4,30,"HSP",1,0.2,"0",0.8,0.6
"362","A",4,30,"HSP",2,0.6,"1",0.8,0.6
"363","A",4,30,"HSP",3,0.6,"0",0.8,0.6
"364","A",4,30,"HSP",4,0.7,"2",0.8,0.6
"365","A",4,30,"HSP",5,0.5,"0",0.8,0.6
"366","A",4,30,"GFP",1,0.6,"0",1,0.8
"367","A",4,30,"GFP",2,0.5,"0",1,0.8
"368","A",4,30,"GFP",3,0.5,"1",1,0.8
"369","A",4,30,"GFP",4,0.9,"1",1,0.8
"370","A",4,30,"GFP",5,0.4,"0",1,0.8
"371","A",4,30,"Control",1,0.4,"0",NA,NA
"372","A",4,30,"Control",2,0.5,"0",NA,NA
"373","A",4,30,"Control",3,NA,NA,NA,NA
"374","A",4,30,"Control",4,0.3,"0",NA,NA
"375","A",4,30,"Control",5,0.4,"0",NA,NA
"376","A",7,22,"HSP",1,NA,NA,1,0.8
"377","A",7,22,"HSP",2,1.7,"5",1,0.8
"378","A",7,22,"HSP",3,1.6,"4",1,0.8
"379","A",7,22,"HSP",4,2.4,"4",1,0.8
"380","A",7,22,"HSP",5,2.2,"5",1,0.8
"381","A",7,22,"Control",1,2.3,"3",NA,NA
"382","A",7,22,"Control",2,1.7,"2",NA,NA
"383","A",7,22,"Control",3,2.4,"5",NA,NA
"384","A",7,22,"Control",4,2.4,"6",NA,NA
"385","A",7,22,"Control",5,2.8,"7",NA,NA
"386","A",7,22,"GFP",1,1.6,"5",1,1
"387","A",7,22,"GFP",2,1.5,"3",1,1
"388","A",7,22,"GFP",3,1.6,"5",1,1
"389","A",7,22,"GFP",4,2.4,"4",1,1
"390","A",7,22,"GFP",5,2.2,"6",1,1
"391","A",7,22,"HSP",1,1.5,"3",0.8,0.8
"392","A",7,22,"HSP",2,1.6,"5",0.8,0.8
"393","A",7,22,"HSP",3,2.1,"5",0.8,0.8
"394","A",7,22,"HSP",4,1.6,"3",0.8,0.8
"395","A",7,22,"HSP",5,2.9,"11",0.8,0.8
"396","A",7,22,"Control",1,1.9,"2",NA,NA
"397","A",7,22,"Control",2,2.5,"5",NA,NA
"398","A",7,22,"Control",3,1.5,"2",NA,NA
"399","A",7,22,"Control",4,2.4,"4",NA,NA
"400","A",7,22,"Control",5,1.5,"4",NA,NA
"401","A",7,22,"GFP",1,1.6,"3",1.3,1
"402","A",7,22,"GFP",2,NA,NA,1.3,1
"403","A",7,22,"GFP",3,1.8,"5",1.3,1
"404","A",7,22,"GFP",4,1.6,"5",1.3,1
"405","A",7,22,"GFP",5,0.9,"1",1.3,1
"406","A",7,22,"HSP",1,1.7,"2",1.1,0.8
"407","A",7,22,"HSP",2,2,"4",1.1,0.8
"408","A",7,22,"HSP",3,1.5,"2",1.1,0.8
"409","A",7,22,"HSP",4,2,"3",1.1,0.8
"410","A",7,22,"HSP",5,NA,NA,1.1,0.8
"411","A",7,22,"Control",1,2.1,"5",NA,NA
"412","A",7,22,"Control",2,2.5,"4",NA,NA
"413","A",7,22,"Control",3,1.7,"3",NA,NA
"414","A",7,22,"Control",4,2.5,"4",NA,NA
"415","A",7,22,"Control",5,NA,NA,NA,NA
"416","A",7,22,"GFP",1,1.6,"7",1.2,1.2
"417","A",7,22,"GFP",2,1.8,"4",1.2,1.2
"418","A",7,22,"GFP",3,1.3,"4",1.2,1.2
"419","A",7,22,"GFP",4,1.5,"5",1.2,1.2
"420","A",7,22,"GFP",5,1.2,"4",1.2,1.2
"421","A",7,27,"HSP",1,1.1,"2",2,1.1
"422","A",7,27,"HSP",2,3.3,"10",2,1.1
"423","A",7,27,"HSP",3,2.8,"6",2,1.1
"424","A",7,27,"HSP",4,4.1,"7",2,1.1
"425","A",7,27,"HSP",5,1.5,"4",2,1.1
"426","A",7,27,"Control",1,0.5,"1",NA,NA
"427","A",7,27,"Control",2,1.2,"4",NA,NA
"428","A",7,27,"Control",3,2.6,"6",NA,NA
"429","A",7,27,"Control",4,1.5,"3",NA,NA
"430","A",7,27,"Control",5,2.1,"2",NA,NA
"431","A",7,27,"GFP",1,0.5,"2",1.2,0.3
"432","A",7,27,"GFP",2,NA,NA,1.2,0.3
"433","A",7,27,"GFP",3,0.8,"3",1.2,0.3
"434","A",7,27,"GFP",4,1.2,"3",1.2,0.3
"435","A",7,27,"GFP",5,1,"3",1.2,0.3
"436","A",7,27,"HSP",1,1.1,"6",1.1,0.9
"437","A",7,27,"HSP",2,1.5,"7",1.1,0.9
"438","A",7,27,"HSP",3,2.1,"7",1.1,0.9
"439","A",7,27,"HSP",4,1.1,"3",1.1,0.9
"440","A",7,27,"HSP",5,2.1,"11",1.1,0.9
"441","A",7,27,"Control",1,0.5,"2",NA,NA
"442","A",7,27,"Control",2,0.6,"5",NA,NA
"443","A",7,27,"Control",3,0.7,"5",NA,NA
"444","A",7,27,"Control",4,0.7,"4",NA,NA
"445","A",7,27,"Control",5,0.5,"4",NA,NA
"446","A",7,27,"GFP",1,0.5,"3",1,1.1
"447","A",7,27,"GFP",2,1.1,"3",1,1.1
"448","A",7,27,"GFP",3,0.8,"4",1,1.1
"449","A",7,27,"GFP",4,0.8,"6",1,1.1
"450","A",7,27,"GFP",5,0.6,"2",1,1.1
"451","A",7,27,"HSP",1,0.9,"5",0.9,1.1
"452","A",7,27,"HSP",2,1,"5",0.9,1.1
"453","A",7,27,"HSP",3,1.6,"5",0.9,1.1
"454","A",7,27,"HSP",4,1.3,"5",0.9,1.1
"455","A",7,27,"HSP",5,1.5,"6",0.9,1.1
"456","A",7,27,"Control",1,0.8,"4",NA,NA
"457","A",7,27,"Control",2,0.7,"2",NA,NA
"458","A",7,27,"Control",3,0.9,"7",NA,NA
"459","A",7,27,"Control",4,1,"6",NA,NA
"460","A",7,27,"Control",5,0.7,"3",NA,NA
"461","A",7,27,"GFP",1,1.4,"3",0.9,0.9
"462","A",7,27,"GFP",2,0.7,"2",0.9,0.9
"463","A",7,27,"GFP",3,0.7,"2",0.9,0.9
"464","A",7,27,"GFP",4,1.3,"3",0.9,0.9
"465","A",7,27,"GFP",5,0.8,"5",0.9,0.9
"466","A",7,30,"Control",1,NA,NA,NA,NA
"467","A",7,30,"Control",2,0.5,"1",NA,NA
"468","A",7,30,"Control",3,0.5,"3",NA,NA
"469","A",7,30,"Control",4,0.4,"1",NA,NA
"470","A",7,30,"Control",5,0.4,"1",NA,NA
"471","A",7,30,"GFP",1,NA,NA,1.4,1.3
"472","A",7,30,"GFP",2,0.6,"2",1.4,1.3
"473","A",7,30,"GFP",3,0.6,"1",1.4,1.3
"474","A",7,30,"GFP",4,0.5,"2",1.4,1.3
"475","A",7,30,"GFP",5,0.6,"1",1.4,1.3
"476","A",7,30,"Control",1,0.7,"0",NA,NA
"477","A",7,30,"Control",2,0.5,"1",NA,NA
"478","A",7,30,"Control",3,0.4,"1",NA,NA
"479","A",7,30,"Control",4,NA,NA,NA,NA
"480","A",7,30,"Control",5,0.6,"1",NA,NA
"481","A",7,30,"GFP",1,0.9,"0",0.7,1.3
"482","A",7,30,"GFP",2,0.9,"2",0.7,1.3
"483","A",7,30,"GFP",3,0.7,"0",0.7,1.3
"484","A",7,30,"GFP",4,0.7,"1",0.7,1.3
"485","A",7,30,"GFP",5,0.3,"0",0.7,1.3
"486","A",7,30,"HSP",1,0.2,"0",1,0.7
"487","A",7,30,"HSP",2,0.5,"1",1,0.7
"488","A",7,30,"HSP",3,0.7,"0",1,0.7
"489","A",7,30,"HSP",4,0.7,"1",1,0.7
"490","A",7,30,"HSP",5,0.6,"0",1,0.7
"491","A",7,30,"GFP",1,0.5,"1",1,0.8
"492","A",7,30,"GFP",2,0.6,"1",1,0.8
"493","A",7,30,"GFP",3,0.7,"3",1,0.8
"494","A",7,30,"GFP",4,0.8,"1",1,0.8
"495","A",7,30,"GFP",5,0.7,"0",1,0.8
"496","A",7,30,"Control",1,0.4,"0",NA,NA
"497","A",7,30,"Control",2,0.6,"0",NA,NA
"498","A",7,30,"Control",3,NA,NA,NA,NA
"499","A",7,30,"Control",4,0.2,"0",NA,NA
"500","A",7,30,"Control",5,0.7,"0",NA,NA
"501","A",12,22,"HSP",1,NA,NA,2.2,1.6
"502","A",12,22,"HSP",2,3.2,"16",2.2,1.6
"503","A",12,22,"HSP",3,3,"20",2.2,1.6
"504","A",12,22,"HSP",4,4,"21",2.2,1.6
"505","A",12,22,"HSP",5,3.7,"21",2.2,1.6
"506","A",12,22,"Control",1,4.1,"4",NA,NA
"507","A",12,22,"Control",2,3.9,"11",NA,NA
"508","A",12,22,"Control",3,3.4,"11",NA,NA
"509","A",12,22,"Control",4,4.6,"13",NA,NA
"510","A",12,22,"Control",5,6.1,"13",NA,NA
"511","A",12,22,"GFP",1,3.2,"21",1.7,1.5
"512","A",12,22,"GFP",2,3.2,"25",1.7,1.5
"513","A",12,22,"GFP",3,3.4,"20",1.7,1.5
"514","A",12,22,"GFP",4,4.8,"25",1.7,1.5
"515","A",12,22,"GFP",5,5.3,"27",1.7,1.5
"516","A",12,22,"HSP",1,4,"24",2.4,1.5
"517","A",12,22,"HSP",2,3.9,"22",2.4,1.5
"518","A",12,22,"HSP",3,3.5,"29",2.4,1.5
"519","A",12,22,"HSP",4,2.8,"27",2.4,1.5
"520","A",12,22,"HSP",5,3.8,"30",2.4,1.5
"521","A",12,22,"Control",1,3.4,"13",NA,NA
"522","A",12,22,"Control",2,3,"17",NA,NA
"523","A",12,22,"Control",3,4.2,"18",NA,NA
"524","A",12,22,"Control",4,4.1,"16",NA,NA
"525","A",12,22,"Control",5,3,"14",NA,NA
"526","A",12,22,"GFP",1,2.1,"13",1.9,1.9
"527","A",12,22,"GFP",2,1.3,"1",1.9,1.9
"528","A",12,22,"GFP",3,3.2,"12",1.9,1.9
"529","A",12,22,"GFP",4,3.2,"27",1.9,1.9
"530","A",12,22,"GFP",5,2.1,"7",1.9,1.9
"531","A",12,22,"HSP",1,2.6,"20",1.7,1.5
"532","A",12,22,"HSP",2,3.4,"34",1.7,1.5
"533","A",12,22,"HSP",3,3.5,"12",1.7,1.5
"534","A",12,22,"HSP",4,2.7,"18",1.7,1.5
"535","A",12,22,"HSP",5,NA,NA,1.7,1.5
"536","A",12,22,"Control",1,4.6,"14",NA,NA
"537","A",12,22,"Control",2,4.7,"21",NA,NA
"538","A",12,22,"Control",3,3.7,"8",NA,NA
"539","A",12,22,"Control",4,4.5,"8",NA,NA
"540","A",12,22,"Control",5,NA,NA,NA,NA
"541","A",12,22,"GFP",1,4.3,"18",2,1.5
"542","A",12,22,"GFP",2,4,"28",2,1.5
"543","A",12,22,"GFP",3,3.8,"30",2,1.5
"544","A",12,22,"GFP",4,3.4,"26",2,1.5
"545","A",12,22,"GFP",5,3,"22",2,1.5
"546","A",12,27,"HSP",1,2.1,"6",2.7,1.5
"547","A",12,27,"HSP",2,5.1,"29",2.7,1.5
"548","A",12,27,"HSP",3,4.5,"21",2.7,1.5
"549","A",12,27,"HSP",4,4.7,"34",2.7,1.5
"550","A",12,27,"HSP",5,3.8,"9",2.7,1.5
"551","A",12,27,"Control",1,6,"2",NA,NA
"552","A",12,27,"Control",2,1.6,"9",NA,NA
"553","A",12,27,"Control",3,4.5,"23",NA,NA
"554","A",12,27,"Control",4,3.1,"8",NA,NA
"555","A",12,27,"Control",5,3.6,"9",NA,NA
"556","A",12,27,"GFP",1,NA,NA,2,2.1
"557","A",12,27,"GFP",2,NA,NA,2,2.1
"558","A",12,27,"GFP",3,1.1,"7",2,2.1
"559","A",12,27,"GFP",4,2.3,"17",2,2.1
"560","A",12,27,"GFP",5,1.4,"8",2,2.1
"561","A",12,27,"HSP",1,3.2,"18",1.7,1.6
"562","A",12,27,"HSP",2,3.4,"13",1.7,1.6
"563","A",12,27,"HSP",3,4.5,"16",1.7,1.6
"564","A",12,27,"HSP",4,3.7,"7",1.7,1.6
"565","A",12,27,"HSP",5,3.8,"29",1.7,1.6
"566","A",12,27,"Control",1,0.1,"3",NA,NA
"567","A",12,27,"Control",2,1,"6",NA,NA
"568","A",12,27,"Control",3,1.2,"5",NA,NA
"569","A",12,27,"Control",4,1,"7",NA,NA
"570","A",12,27,"Control",5,1.2,"3",NA,NA
"571","A",12,27,"GFP",1,0.7,"4",1.8,1.9
"572","A",12,27,"GFP",2,1.5,"4",1.8,1.9
"573","A",12,27,"GFP",3,1.6,"5",1.8,1.9
"574","A",12,27,"GFP",4,1,"11",1.8,1.9
"575","A",12,27,"GFP",5,0.7,"2",1.8,1.9
"576","A",12,27,"HSP",1,1,"need",1.9,1.7
"577","A",12,27,"HSP",2,1.5,"need",1.9,1.7
"578","A",12,27,"HSP",3,2.6,"need",1.9,1.7
"579","A",12,27,"HSP",4,3,"need",1.9,1.7
"580","A",12,27,"HSP",5,2.6,"need",1.9,1.7
"581","A",12,27,"Control",1,0.9,"3",NA,NA
"582","A",12,27,"Control",2,0.9,"3",NA,NA
"583","A",12,27,"Control",3,1.4,"11",NA,NA
"584","A",12,27,"Control",4,1.2,"7",NA,NA
"585","A",12,27,"Control",5,1.3,"6",NA,NA
"586","A",12,27,"GFP",1,1.6,"3",0.9,1
"587","A",12,27,"GFP",2,0.8,"1",0.9,1
"588","A",12,27,"GFP",3,0.8,"2",0.9,1
"589","A",12,27,"GFP",4,1.3,"5",0.9,1
"590","A",12,27,"GFP",5,1.2,"6",0.9,1
"591","A",12,30,"Control",1,NA,NA,NA,NA
"592","A",12,30,"Control",2,0.5,"1",NA,NA
"593","A",12,30,"Control",3,0.5,"3",NA,NA
"594","A",12,30,"Control",4,0.4,"1",NA,NA
"595","A",12,30,"Control",5,0.4,"1",NA,NA
"596","A",12,30,"GFP",1,NA,NA,1.4,1.3
"597","A",12,30,"GFP",2,0.6,"2",1.4,1.3
"598","A",12,30,"GFP",3,0.7,"1",1.4,1.3
"599","A",12,30,"GFP",4,0.7,"2",1.4,1.3
"600","A",12,30,"GFP",5,0.6,"1",1.4,1.3
"601","A",12,30,"Control",1,0.7,"2",NA,NA
"602","A",12,30,"Control",2,0.5,"1",NA,NA
"603","A",12,30,"Control",3,0.5,"1",NA,NA
"604","A",12,30,"Control",4,NA,NA,NA,NA
"605","A",12,30,"Control",5,0.6,"2",NA,NA
"606","A",12,30,"GFP",1,0.9,"1",2,2
"607","A",12,30,"GFP",2,1,"6",2,2
"608","A",12,30,"GFP",3,0.7,"2",2,2
"609","A",12,30,"GFP",4,0.7,"2",2,2
"610","A",12,30,"GFP",5,0.3,"3",2,2
"611","A",12,30,"HSP",1,0.2,"0",1,1.7
"612","A",12,30,"HSP",2,0.6,"1",1,1.7
"613","A",12,30,"HSP",3,0.7,"0",1,1.7
"614","A",12,30,"HSP",4,0.7,"1",1,1.7
"615","A",12,30,"HSP",5,0.6,"0",1,1.7
"616","A",12,30,"GFP",1,0.6,"1",2,1
"617","A",12,30,"GFP",2,0.6,"1",2,1
"618","A",12,30,"GFP",3,0.8,"6",2,1
"619","A",12,30,"GFP",4,0.8,"1",2,1
"620","A",12,30,"GFP",5,0.7,"0",2,1
"621","A",12,30,"Control",1,0.5,"0",NA,NA
"622","A",12,30,"Control",2,0.6,"0",NA,NA
"623","A",12,30,"Control",3,NA,NA,NA,NA
"624","A",12,30,"Control",4,0.3,"0",NA,NA
"625","A",12,30,"Control",5,0.7,"0",NA,NA
"626","B",0,22,"HSP",1,0.5,"0",0.1,0.1
"627","B",0,22,"HSP",2,0.6,"0",0.1,0.1
"628","B",0,22,"HSP",3,0.6,"0",0.1,0.1
"629","B",0,22,"HSP",4,0.7,"0",0.1,0.1
"630","B",0,22,"HSP",5,0.6,"0",0.1,0.1
"631","B",0,22,"Control",1,0.3,"0",NA,NA
"632","B",0,22,"Control",2,0.6,"0",NA,NA
"633","B",0,22,"Control",3,0.4,"0",NA,NA
"634","B",0,22,"Control",4,0.4,"0",NA,NA
"635","B",0,22,"Control",5,0.4,"0",NA,NA
"636","B",0,22,"GFP",1,0.4,"0",0.2,0.2
"637","B",0,22,"GFP",2,0.3,"0",0.2,0.2
"638","B",0,22,"GFP",3,0.3,"0",0.2,0.2
"639","B",0,22,"GFP",4,0.3,"0",0.2,0.2
"640","B",0,22,"GFP",5,0.4,"0",0.2,0.2
"641","B",0,27,"Control",1,0.3,"0",NA,NA
"642","B",0,27,"Control",2,0.3,"0",NA,NA
"643","B",0,27,"Control",3,0.3,"0",NA,NA
"644","B",0,27,"Control",4,0.4,"0",NA,NA
"645","B",0,27,"Control",5,0.5,"0",NA,NA
"646","B",0,27,"GFP",1,0.3,"0",0.4,0.2
"647","B",0,27,"GFP",2,0.4,"0",0.4,0.2
"648","B",0,27,"GFP",3,0.6,"0",0.4,0.2
"649","B",0,27,"GFP",4,0.4,"0",0.4,0.2
"650","B",0,27,"GFP",5,0.5,"0",0.4,0.2
"651","B",0,27,"HSP",1,0.5,"0",0.15,0.2
"652","B",0,27,"HSP",2,0.2,"0",0.15,0.2
"653","B",0,27,"HSP",3,0.6,"0",0.15,0.2
"654","B",0,27,"HSP",4,0.6,"0",0.15,0.2
"655","B",0,27,"HSP",5,0.4,"0",0.15,0.2
"656","B",0,30,"GFP",1,0.4,"0",0.3,0.2
"657","B",0,30,"GFP",2,0.5,"0",0.3,0.2
"658","B",0,30,"GFP",3,0.3,"0",0.3,0.2
"659","B",0,30,"GFP",4,0.4,"0",0.3,0.2
"660","B",0,30,"GFP",5,0.4,"0",0.3,0.2
"661","B",0,30,"HSP",1,0.6,"0",0.2,0.15
"662","B",0,30,"HSP",2,0.5,"0",0.2,0.15
"663","B",0,30,"HSP",3,0.3,"0",0.2,0.15
"664","B",0,30,"HSP",4,0.2,"0",0.2,0.15
"665","B",0,30,"HSP",5,0.7,"0",0.2,0.15
"666","B",0,30,"Control",1,0.6,"0",NA,NA
"667","B",0,30,"Control",2,0.3,"0",NA,NA
"668","B",0,30,"Control",3,NA,"0",NA,NA
"669","B",0,30,"Control",4,0.2,"0",NA,NA
"670","B",0,30,"Control",5,0.4,"0",NA,NA
"671","B",2,22,"HSP",1,1.3,"1",0.3,0.5
"672","B",2,22,"HSP",2,1.2,"2",0.3,0.5
"673","B",2,22,"HSP",3,1.1,"3",0.3,0.5
"674","B",2,22,"HSP",4,1.5,"2",0.3,0.5
"675","B",2,22,"HSP",5,1.5,"3",0.3,0.5
"676","B",2,22,"Control",1,0.6,"3",NA,NA
"677","B",2,22,"Control",2,1.1,"2",NA,NA
"678","B",2,22,"Control",3,1.2,"4",NA,NA
"679","B",2,22,"Control",4,0.9,"2",NA,NA
"680","B",2,22,"Control",5,0.8,"3",NA,NA
"681","B",2,22,"GFP",1,1.5,"3",0.5,0.5
"682","B",2,22,"GFP",2,1.2,"3",0.5,0.5
"683","B",2,22,"GFP",3,1.1,"3",0.5,0.5
"684","B",2,22,"GFP",4,1.3,"1",0.5,0.5
"685","B",2,22,"GFP",5,1,"4",0.5,0.5
"686","B",2,27,"Control",1,0.4,"1",NA,NA
"687","B",2,27,"Control",2,0.5,"3",NA,NA
"688","B",2,27,"Control",3,0.7,"3",NA,NA
"689","B",2,27,"Control",4,0.9,"4",NA,NA
"690","B",2,27,"Control",5,0.7,"1",NA,NA
"691","B",2,27,"GFP",1,0.3,"1",0.8,0.5
"692","B",2,27,"GFP",2,1,"2",0.8,0.5
"693","B",2,27,"GFP",3,0.9,"1",0.8,0.5
"694","B",2,27,"GFP",4,0.8,"3",0.8,0.5
"695","B",2,27,"GFP",5,0.7,"1",0.8,0.5
"696","B",2,27,"HSP",1,0.6,"2",0.5,0.5
"697","B",2,27,"HSP",2,0.4,"1",0.5,0.5
"698","B",2,27,"HSP",3,0.7,"2",0.5,0.5
"699","B",2,27,"HSP",4,1,"3",0.5,0.5
"700","B",2,27,"HSP",5,0.7,"1",0.5,0.5
"701","B",2,30,"GFP",1,0.2,"0",0.6,0.7
"702","B",2,30,"GFP",2,0.5,"0",0.6,0.7
"703","B",2,30,"GFP",3,0.3,"1",0.6,0.7
"704","B",2,30,"GFP",4,0.5,"0",0.6,0.7
"705","B",2,30,"GFP",5,0.5,"1",0.6,0.7
"706","B",2,30,"HSP",1,0.6,"2",0.7,0.5
"707","B",2,30,"HSP",2,0.5,"1",0.7,0.5
"708","B",2,30,"HSP",3,0.3,"1",0.7,0.5
"709","B",2,30,"HSP",4,0.4,"1",0.7,0.5
"710","B",2,30,"HSP",5,0.5,"3",0.7,0.5
"711","B",2,30,"Control",1,NA,NA,NA,NA
"712","B",2,30,"Control",2,NA,NA,NA,NA
"713","B",2,30,"Control",3,NA,NA,NA,NA
"714","B",2,30,"Control",4,NA,NA,NA,NA
"715","B",2,30,"Control",5,NA,NA,NA,NA
"716","B",4,22,"HSP",1,1.6,"4",0.7,0.7
"717","B",4,22,"HSP",2,1.4,"3",0.7,0.7
"718","B",4,22,"HSP",3,1.6,"6",0.7,0.7
"719","B",4,22,"HSP",4,1.7,"5",0.7,0.7
"720","B",4,22,"HSP",5,1.8,"5",0.7,0.7
"721","B",4,22,"Control",1,0.6,"2",NA,NA
"722","B",4,22,"Control",2,1,"2",NA,NA
"723","B",4,22,"Control",3,1.5,"5",NA,NA
"724","B",4,22,"Control",4,1,"4",NA,NA
"725","B",4,22,"Control",5,0.9,"3",NA,NA
"726","B",4,22,"GFP",1,1.7,"6",0.7,0.6
"727","B",4,22,"GFP",2,1.3,"5",0.7,0.6
"728","B",4,22,"GFP",3,1.1,"3",0.7,0.6
"729","B",4,22,"GFP",4,1,"5",0.7,0.6
"730","B",4,22,"GFP",5,1.2,"3",0.7,0.6
"731","B",4,27,"Control",1,0.7,"4",NA,NA
"732","B",4,27,"Control",2,0.9,"2",NA,NA
"733","B",4,27,"Control",3,0.9,"2",NA,NA
"734","B",4,27,"Control",4,1.5,"3",NA,NA
"735","B",4,27,"Control",5,0.6,"3",NA,NA
"736","B",4,27,"GFP",1,1,"4",1,0.7
"737","B",4,27,"GFP",2,1.3,"6",1,0.7
"738","B",4,27,"GFP",3,1.6,"4",1,0.7
"739","B",4,27,"GFP",4,1,"4",1,0.7
"740","B",4,27,"GFP",5,0.9,"3",1,0.7
"741","B",4,27,"HSP",1,0.9,"3",0.8,0.7
"742","B",4,27,"HSP",2,0.9,"1",0.8,0.7
"743","B",4,27,"HSP",3,1,"3",0.8,0.7
"744","B",4,27,"HSP",4,1.3,"3",0.8,0.7
"745","B",4,27,"HSP",5,1,"3",0.8,0.7
"746","B",4,30,"GFP",1,0.2,"0",1,1
"747","B",4,30,"GFP",2,0.6,"0",1,1
"748","B",4,30,"GFP",3,0.7,"2",1,1
"749","B",4,30,"GFP",4,0.8,"2",1,1
"750","B",4,30,"GFP",5,0.5,"3",1,1
"751","B",4,30,"HSP",1,0.5,"2",1.7,1.5
"752","B",4,30,"HSP",2,0.5,"1",1.7,1.5
"753","B",4,30,"HSP",3,0.3,"4",1.7,1.5
"754","B",4,30,"HSP",4,0.5,"3",1.7,1.5
"755","B",4,30,"HSP",5,0.5,"3",1.7,1.5
"756","B",4,30,"Control",1,NA,NA,NA,NA
"757","B",4,30,"Control",2,NA,NA,NA,NA
"758","B",4,30,"Control",3,NA,NA,NA,NA
"759","B",4,30,"Control",4,NA,NA,NA,NA
"760","B",4,30,"Control",5,NA,NA,NA,NA
"761","B",12,22,"HSP",1,4.1,"33",1.3,1.4
"762","B",12,22,"HSP",2,3.9,"22",1.3,1.4
"763","B",12,22,"HSP",3,4,"39",1.3,1.4
"764","B",12,22,"HSP",4,3.8,"26",1.3,1.4
"765","B",12,22,"HSP",5,4,"29",1.3,1.4
"766","B",12,22,"Control",1,2.2,"22",NA,NA
"767","B",12,22,"Control",2,3.1,"18",NA,NA
"768","B",12,22,"Control",3,3.3,"29",NA,NA
"769","B",12,22,"Control",4,3.2,"27",NA,NA
"770","B",12,22,"Control",5,2.7,"22",NA,NA
"771","B",12,22,"GFP",1,4.6,"43",1.2,1.2
"772","B",12,22,"GFP",2,4.3,"40",1.2,1.2
"773","B",12,22,"GFP",3,3.9,"31",1.2,1.2
"774","B",12,22,"GFP",4,4.4,"35",1.2,1.2
"775","B",12,22,"GFP",5,3.7,"29",1.2,1.2
"776","B",12,27,"Control",1,1.9,"18",NA,NA
"777","B",12,27,"Control",2,2.3,"26",NA,NA
"778","B",12,27,"Control",3,2.5,"22",NA,NA
"779","B",12,27,"Control",4,2.4,"22",NA,NA
"780","B",12,27,"Control",5,3.1,"20",NA,NA
"781","B",12,27,"GFP",1,NA,NA,NA,NA
"782","B",12,27,"GFP",2,2.8,"28",2.2,2.3
"783","B",12,27,"GFP",3,2.7,"29",2.2,2.3
"784","B",12,27,"GFP",4,3,"21",2.2,2.3
"785","B",12,27,"GFP",5,2.6,"22",2.2,2.3
"786","B",12,27,"HSP",1,1.9,"23",1.7,1.7
"787","B",12,27,"HSP",2,1.8,"12",1.7,1.7
"788","B",12,27,"HSP",3,2.5,"19",1.7,1.7
"789","B",12,27,"HSP",4,2.6,"20",1.7,1.7
"790","B",12,27,"HSP",5,2,"18",1.7,1.7
"791","B",12,30,"GFP",1,1,"4",2.5,2.2
"792","B",12,30,"GFP",2,1.2,"1",2.5,2.2
"793","B",12,30,"GFP",3,1.4,"9",2.5,2.2
"794","B",12,30,"GFP",4,0.7,"2",2.5,2.2
"795","B",12,30,"GFP",5,1.2,"3",2.5,2.2
"796","B",12,30,"HSP",1,0.6,"3",3.1,2
"797","B",12,30,"HSP",2,0.7,"2",3.1,2
"798","B",12,30,"HSP",3,1.3,"3",3.1,2
"799","B",12,30,"HSP",4,1.1,"8",3.1,2
"800","B",12,30,"HSP",5,1,"6",3.1,2
"801","B",12,30,"Control",1,NA,NA,NA,NA
"802","B",12,30,"Control",2,NA,NA,NA,NA
"803","B",12,30,"Control",3,NA,NA,NA,NA
"804","B",12,30,"Control",4,NA,NA,NA,NA
"805","B",12,30,"Control",5,NA,NA,NA,NA
